Source_Name	KNeighborsClassifier	LinearSVM	RBFSVM	GaussianProcessClassifier	DecisionTreeClassifier	RandomForestClassifier	NeuralNet	AdaBoost	NaiveBayes	QDA	90upmodel	top3model
FL8Y J0003.6+3059 	MSP	MSP	MSP	MSP	MSP	MSP	MSP	MSP	MSP	MSP	MSP	MSP
FL8Y J0004.8+6623 	MSP	MSP	MSP	YNG	YNG	YNG	YNG	YNG	YNG	YNG	YNG	YNG
FL8Y J0008.8+6850 	MSP	MSP	MSP	MSP	MSP	YNG	MSP	YNG	YNG	YNG	YNG	MSP
FL8Y J0039.1+6257 	YNG	MSP	YNG	YNG	MSP	MSP	YNG	MSP	MSP	YNG	YNG	YNG
FL8Y J0212.1+5320 	MSP	MSP	MSP	MSP	MSP	MSP	MSP	MSP	MSP	MSP	MSP	MSP
FL8Y J0219.1+6111 	YNG	YNG	MSP	YNG	YNG	YNG	YNG	YNG	YNG	YNG	YNG	YNG
FL8Y J0225.4+6024 	YNG	YNG	MSP	YNG	YNG	YNG	YNG	YNG	YNG	YNG	YNG	YNG
FL8Y J0237.8+5238 	MSP	MSP	MSP	MSP	MSP	MSP	MSP	MSP	MSP	MSP	MSP	MSP
FL8Y J0312.1-0920 	MSP	MSP	MSP	MSP	MSP	MSP	MSP	MSP	MSP	MSP	MSP	MSP
FL8Y J0318.2+0254 	MSP	MSP	MSP	MSP	MSP	MSP	MSP	MSP	MSP	MSP	MSP	MSP
FL8Y J0327.7+5842 	MSP	MSP	MSP	YNG	YNG	YNG	YNG	YNG	MSP	YNG	YNG	YNG
FL8Y J0330.1+5037 	MSP	MSP	MSP	MSP	MSP	MSP	MSP	YNG	MSP	YNG	YNG	MSP
FL8Y J0332.8+1557 	MSP	MSP	MSP	MSP	MSP	MSP	MSP	MSP	MSP	MSP	MSP	MSP
FL8Y J0336.1+7503 	MSP	MSP	MSP	MSP	MSP	MSP	MSP	MSP	MSP	MSP	MSP	MSP
FL8Y J0340.4+5302 	YNG	YNG	MSP	YNG	YNG	YNG	YNG	YNG	YNG	YNG	YNG	YNG
FL8Y J0347.6-0132 	MSP	MSP	MSP	MSP	MSP	MSP	MSP	MSP	MSP	MSP	MSP	MSP
FL8Y J0414.8-4259 	MSP	MSP	MSP	MSP	MSP	MSP	MSP	MSP	MSP	MSP	MSP	MSP
FL8Y J0418.9+6636 	MSP	MSP	MSP	MSP	MSP	MSP	MSP	MSP	MSP	MSP	MSP	MSP
FL8Y J0426.6+5434 	YNG	YNG	MSP	YNG	YNG	YNG	YNG	YNG	YNG	YNG	YNG	YNG
FL8Y J0430.6+3533 	MSP	MSP	MSP	MSP	MSP	YNG	MSP	YNG	YNG	YNG	YNG	MSP
FL8Y J0523.3-2527 	MSP	MSP	MSP	MSP	MSP	MSP	MSP	MSP	MSP	MSP	MSP	MSP
FL8Y J0533.7+5946 	MSP	MSP	MSP	MSP	MSP	MSP	MSP	MSP	MSP	YNG	YNG	MSP
FL8Y J0535.4-0509 	MSP	MSP	MSP	MSP	YNG	MSP	MSP	MSP	MSP	YNG	YNG	MSP
FL8Y J0536.2-0626 	MSP	MSP	MSP	MSP	MSP	MSP	MSP	MSP	MSP	YNG	YNG	MSP
FL8Y J0538.6+3528 	MSP	MSP	MSP	YNG	MSP	YNG	YNG	YNG	YNG	YNG	YNG	YNG
FL8Y J0540.5+2305 	MSP	MSP	MSP	MSP	MSP	MSP	MSP	MSP	MSP	YNG	YNG	MSP
FL8Y J0540.6+3611 	MSP	YNG	MSP	YNG	YNG	YNG	YNG	YNG	YNG	YNG	YNG	YNG
FL8Y J0540.6-0745 	MSP	MSP	MSP	MSP	MSP	MSP	MSP	MSP	MSP	YNG	YNG	MSP
FL8Y J0541.7+3547 	MSP	MSP	MSP	MSP	MSP	YNG	MSP	YNG	YNG	YNG	YNG	MSP
FL8Y J0550.9+2552 	YNG	MSP	YNG	YNG	YNG	YNG	YNG	YNG	MSP	YNG	YNG	YNG
FL8Y J0606.4+2045 	YNG	MSP	YNG	YNG	YNG	YNG	YNG	YNG	MSP	YNG	YNG	YNG
FL8Y J0608.4+2005 	YNG	YNG	MSP	YNG	YNG	YNG	YNG	YNG	YNG	YNG	YNG	YNG
FL8Y J0610.2+2045 	YNG	YNG	YNG	YNG	YNG	YNG	YNG	YNG	YNG	YNG	YNG	YNG
FL8Y J0610.6+1702 	YNG	MSP	YNG	YNG	YNG	YNG	YNG	YNG	YNG	YNG	YNG	YNG
FL8Y J0610.8+1747 	YNG	MSP	YNG	YNG	YNG	YNG	YNG	YNG	YNG	YNG	YNG	YNG
FL8Y J0612.3+2124 	YNG	MSP	MSP	YNG	YNG	YNG	YNG	YNG	YNG	YNG	YNG	YNG
FL8Y J0631.8+0645 	YNG	MSP	YNG	YNG	YNG	YNG	YNG	YNG	MSP	YNG	YNG	YNG
FL8Y J0641.1+0930 	YNG	MSP	MSP	YNG	MSP	YNG	YNG	YNG	MSP	YNG	YNG	YNG
FL8Y J0652.9+4708 	MSP	MSP	MSP	MSP	YNG	MSP	MSP	MSP	MSP	MSP	YNG	MSP
FL8Y J0704.8-1013 	YNG	MSP	YNG	YNG	YNG	YNG	YNG	YNG	MSP	YNG	YNG	YNG
FL8Y J0709.1-1032 	YNG	YNG	MSP	YNG	YNG	MSP	YNG	YNG	MSP	MSP	YNG	YNG
FL8Y J0711.5-0946 	YNG	MSP	YNG	YNG	YNG	YNG	YNG	YNG	YNG	YNG	YNG	YNG
FL8Y J0730.0-1839 	YNG	MSP	MSP	YNG	YNG	MSP	YNG	YNG	MSP	YNG	YNG	YNG
FL8Y J0744.0-2526 	YNG	MSP	YNG	YNG	YNG	MSP	YNG	YNG	MSP	MSP	YNG	YNG
FL8Y J0751.9-2930 	YNG	MSP	YNG	YNG	YNG	YNG	YNG	YNG	MSP	YNG	YNG	YNG
FL8Y J0754.8-3954 	MSP	MSP	MSP	MSP	MSP	MSP	MSP	YNG	MSP	MSP	YNG	MSP
FL8Y J0758.8-1449 	MSP	MSP	MSP	MSP	MSP	MSP	MSP	MSP	MSP	MSP	MSP	MSP
FL8Y J0802.1-5612 	MSP	MSP	MSP	MSP	MSP	MSP	MSP	YNG	MSP	YNG	YNG	MSP
FL8Y J0826.1-5054 	MSP	MSP	MSP	MSP	MSP	MSP	MSP	MSP	MSP	MSP	MSP	MSP
FL8Y J0838.0-4047 	YNG	MSP	YNG	YNG	YNG	YNG	MSP	MSP	MSP	YNG	YNG	YNG
FL8Y J0838.7-2827 	MSP	MSP	MSP	MSP	MSP	MSP	MSP	MSP	MSP	MSP	MSP	MSP
FL8Y J0840.8-4129 	YNG	YNG	YNG	YNG	YNG	YNG	YNG	YNG	YNG	YNG	YNG	YNG
FL8Y J0843.4+6713 	MSP	MSP	MSP	MSP	MSP	MSP	MSP	MSP	MSP	MSP	MSP	MSP
FL8Y J0843.5-4224 	YNG	YNG	YNG	YNG	YNG	YNG	YNG	YNG	YNG	YNG	YNG	YNG
FL8Y J0845.7-4322 	YNG	MSP	MSP	YNG	YNG	YNG	YNG	YNG	YNG	YNG	YNG	YNG
FL8Y J0848.9-4254 	YNG	YNG	YNG	YNG	YNG	YNG	YNG	YNG	YNG	YNG	YNG	YNG
FL8Y J0853.9-4407 	YNG	YNG	YNG	YNG	YNG	YNG	YNG	YNG	YNG	YNG	YNG	YNG
FL8Y J0854.8-4503 	YNG	YNG	YNG	YNG	MSP	YNG	YNG	YNG	YNG	MSP	YNG	YNG
FL8Y J0855.1-4826 	YNG	YNG	YNG	YNG	YNG	YNG	YNG	YNG	YNG	YNG	YNG	YNG
FL8Y J0855.4-4749 	YNG	YNG	YNG	YNG	YNG	YNG	YNG	YNG	YNG	YNG	YNG	YNG
FL8Y J0856.8-4347 	YNG	YNG	MSP	YNG	YNG	YNG	YNG	YNG	YNG	YNG	YNG	YNG
FL8Y J0858.1-4244 	YNG	MSP	YNG	YNG	YNG	YNG	YNG	YNG	MSP	YNG	YNG	YNG
FL8Y J0858.6-4819 	YNG	MSP	YNG	YNG	YNG	YNG	YNG	YNG	MSP	YNG	YNG	YNG
FL8Y J0859.4-4345 	MSP	YNG	MSP	YNG	YNG	YNG	YNG	YNG	YNG	YNG	YNG	YNG
FL8Y J0859.6-4725 	YNG	MSP	YNG	YNG	YNG	YNG	YNG	YNG	MSP	YNG	YNG	YNG
FL8Y J0900.4-4407 	YNG	YNG	YNG	YNG	YNG	YNG	YNG	YNG	YNG	YNG	YNG	YNG
FL8Y J0900.6-4834 	YNG	MSP	MSP	YNG	YNG	YNG	YNG	YNG	MSP	YNG	YNG	YNG
FL8Y J0900.6-4607 	YNG	YNG	YNG	YNG	YNG	YNG	YNG	YNG	YNG	YNG	YNG	YNG
FL8Y J0900.6-4447 	YNG	YNG	YNG	YNG	YNG	MSP	YNG	YNG	YNG	YNG	YNG	YNG
FL8Y J0901.6-4654 	YNG	MSP	YNG	YNG	YNG	YNG	YNG	YNG	YNG	YNG	YNG	YNG
FL8Y J0902.9-4635 	YNG	YNG	YNG	YNG	YNG	YNG	YNG	YNG	YNG	YNG	YNG	YNG
FL8Y J0903.0-4755 	YNG	YNG	YNG	YNG	YNG	YNG	YNG	YNG	MSP	YNG	YNG	YNG
FL8Y J0903.4-5000 	YNG	YNG	YNG	YNG	YNG	YNG	YNG	YNG	YNG	YNG	YNG	YNG
FL8Y J0903.9-4718 	YNG	YNG	YNG	YNG	YNG	YNG	YNG	YNG	YNG	YNG	YNG	YNG
FL8Y J0904.9-4913 	YNG	YNG	YNG	YNG	YNG	YNG	YNG	YNG	YNG	YNG	YNG	YNG
FL8Y J0905.0-4834 	YNG	YNG	YNG	YNG	YNG	YNG	YNG	YNG	YNG	YNG	YNG	YNG
FL8Y J0905.7-4801 	YNG	YNG	YNG	YNG	YNG	YNG	YNG	YNG	YNG	YNG	YNG	YNG
FL8Y J0906.0-4645 	YNG	MSP	YNG	YNG	YNG	YNG	YNG	YNG	MSP	YNG	YNG	YNG
FL8Y J0907.8-4712 	YNG	YNG	YNG	YNG	YNG	MSP	YNG	YNG	YNG	MSP	YNG	YNG
FL8Y J0913.5-4747 	YNG	YNG	MSP	YNG	YNG	YNG	YNG	YNG	YNG	YNG	YNG	YNG
FL8Y J0918.5-4904 	YNG	MSP	YNG	YNG	YNG	YNG	MSP	YNG	MSP	YNG	YNG	YNG
FL8Y J0922.2-5141 	YNG	MSP	YNG	YNG	YNG	YNG	YNG	YNG	YNG	YNG	YNG	YNG
FL8Y J0926.1-5338 	YNG	MSP	MSP	YNG	YNG	MSP	YNG	YNG	MSP	YNG	YNG	YNG
FL8Y J0933.8-6232 	MSP	MSP	MSP	MSP	MSP	MSP	YNG	MSP	MSP	MSP	YNG	MSP
FL8Y J0933.9-5126 	YNG	MSP	YNG	YNG	YNG	YNG	YNG	YNG	YNG	YNG	YNG	YNG
FL8Y J0940.5-7610 	MSP	MSP	MSP	MSP	MSP	YNG	MSP	MSP	MSP	MSP	YNG	MSP
FL8Y J0952.2-0608 	MSP	MSP	MSP	MSP	MSP	MSP	MSP	MSP	MSP	MSP	MSP	MSP
FL8Y J0953.6-1509 	MSP	MSP	MSP	MSP	MSP	MSP	MSP	MSP	MSP	MSP	MSP	MSP
FL8Y J0955.4-3949 	MSP	MSP	MSP	MSP	MSP	MSP	MSP	MSP	MSP	MSP	MSP	MSP
FL8Y J0959.3-5617 	YNG	MSP	MSP	YNG	YNG	YNG	MSP	YNG	MSP	YNG	YNG	YNG
FL8Y J1001.6-5709 	YNG	YNG	MSP	YNG	YNG	YNG	YNG	YNG	YNG	YNG	YNG	YNG
FL8Y J1001.7-5735 	YNG	YNG	MSP	YNG	YNG	YNG	YNG	YNG	YNG	YNG	YNG	YNG
FL8Y J1004.6-5727 	YNG	YNG	YNG	YNG	YNG	YNG	YNG	YNG	YNG	YNG	YNG	YNG
FL8Y J1004.8-5215 	MSP	MSP	MSP	MSP	MSP	YNG	YNG	YNG	MSP	YNG	YNG	MSP
FL8Y J1005.4-5638 	YNG	YNG	YNG	YNG	YNG	YNG	YNG	YNG	YNG	YNG	YNG	YNG
FL8Y J1008.6-5704 	YNG	YNG	YNG	YNG	YNG	YNG	YNG	YNG	YNG	YNG	YNG	YNG
FL8Y J1010.6-5643 	YNG	YNG	YNG	YNG	YNG	YNG	YNG	YNG	YNG	YNG	YNG	YNG
FL8Y J1019.8-5724 	YNG	YNG	YNG	YNG	YNG	YNG	YNG	YNG	YNG	YNG	YNG	YNG
FL8Y J1020.4-5314 	MSP	MSP	MSP	MSP	MSP	MSP	YNG	YNG	YNG	MSP	YNG	MSP
FL8Y J1026.4-5731 	YNG	YNG	YNG	YNG	YNG	YNG	YNG	YNG	YNG	YNG	YNG	YNG
FL8Y J1035.4-6720 	MSP	MSP	MSP	MSP	MSP	MSP	YNG	YNG	MSP	MSP	YNG	MSP
FL8Y J1037.1-5848 	YNG	YNG	MSP	YNG	YNG	YNG	YNG	YNG	YNG	YNG	YNG	YNG
FL8Y J1037.6-5810 	YNG	MSP	YNG	YNG	YNG	YNG	YNG	YNG	MSP	YNG	YNG	YNG
FL8Y J1043.3-5941 	YNG	YNG	MSP	YNG	YNG	YNG	YNG	YNG	YNG	YNG	YNG	YNG
FL8Y J1046.8-6008 	YNG	YNG	MSP	YNG	YNG	YNG	YNG	YNG	YNG	YNG	YNG	YNG
FL8Y J1048.6-6117 	YNG	YNG	YNG	YNG	YNG	YNG	YNG	YNG	YNG	YNG	YNG	YNG
FL8Y J1048.6-5923 	YNG	YNG	YNG	YNG	YNG	YNG	YNG	YNG	YNG	YNG	YNG	YNG
FL8Y J1051.4-5933 	YNG	YNG	MSP	YNG	YNG	YNG	YNG	YNG	YNG	MSP	YNG	YNG
FL8Y J1054.5-5938 	YNG	YNG	YNG	YNG	YNG	MSP	YNG	YNG	YNG	YNG	YNG	YNG
FL8Y J1056.9-6321 	YNG	MSP	MSP	YNG	MSP	YNG	YNG	YNG	YNG	YNG	YNG	YNG
FL8Y J1058.7-6100 	YNG	YNG	MSP	YNG	YNG	YNG	YNG	YNG	YNG	YNG	YNG	YNG
FL8Y J1059.4+0226 	MSP	MSP	MSP	MSP	MSP	MSP	MSP	MSP	MSP	MSP	MSP	MSP
FL8Y J1102.0-6054 	YNG	YNG	YNG	YNG	YNG	YNG	YNG	YNG	YNG	YNG	YNG	YNG
FL8Y J1106.7-1743 	MSP	MSP	MSP	MSP	MSP	MSP	MSP	MSP	MSP	MSP	MSP	MSP
FL8Y J1115.0-6118 	YNG	YNG	YNG	YNG	MSP	YNG	YNG	YNG	YNG	YNG	YNG	YNG
FL8Y J1118.4-6157 	YNG	YNG	MSP	YNG	YNG	YNG	YNG	YNG	YNG	YNG	YNG	YNG
FL8Y J1119.9-2204 	MSP	MSP	MSP	MSP	MSP	MSP	MSP	MSP	MSP	MSP	MSP	MSP
FL8Y J1120.6+0713 	MSP	MSP	MSP	MSP	MSP	MSP	MSP	MSP	MSP	MSP	MSP	MSP
FL8Y J1124.0-6057 	YNG	MSP	YNG	YNG	YNG	YNG	MSP	YNG	MSP	YNG	YNG	YNG
FL8Y J1127.8-6201 	YNG	YNG	YNG	YNG	YNG	YNG	YNG	YNG	YNG	YNG	YNG	YNG
FL8Y J1133.4-6227 	YNG	YNG	YNG	YNG	YNG	YNG	YNG	YNG	YNG	YNG	YNG	YNG
FL8Y J1138.0-6215 	YNG	YNG	YNG	YNG	YNG	YNG	YNG	YNG	YNG	YNG	YNG	YNG
FL8Y J1139.2-6247 	YNG	YNG	YNG	YNG	MSP	YNG	YNG	MSP	MSP	YNG	YNG	YNG
FL8Y J1203.1-6302 	YNG	YNG	YNG	YNG	YNG	MSP	YNG	YNG	MSP	YNG	YNG	YNG
FL8Y J1204.6-5032 	MSP	MSP	MSP	MSP	MSP	MSP	MSP	MSP	MSP	MSP	MSP	MSP
FL8Y J1207.5-4535 	MSP	MSP	MSP	MSP	MSP	MSP	MSP	MSP	MSP	MSP	MSP	MSP
FL8Y J1208.1-6442 	YNG	MSP	MSP	YNG	MSP	MSP	YNG	YNG	MSP	YNG	YNG	YNG
FL8Y J1208.2-6900 	MSP	MSP	MSP	MSP	MSP	MSP	MSP	MSP	MSP	MSP	MSP	MSP
FL8Y J1210.0-6250 	YNG	YNG	YNG	YNG	YNG	YNG	YNG	YNG	YNG	YNG	YNG	YNG
FL8Y J1217.5-6214 	YNG	MSP	YNG	YNG	YNG	YNG	MSP	YNG	YNG	YNG	YNG	YNG
FL8Y J1221.5-0634 	MSP	MSP	MSP	MSP	MSP	MSP	MSP	MSP	MSP	MSP	MSP	MSP
FL8Y J1221.9-6239 	YNG	YNG	YNG	YNG	YNG	YNG	YNG	YNG	YNG	YNG	YNG	YNG
FL8Y J1225.9+2951 	MSP	MSP	MSP	MSP	MSP	MSP	MSP	MSP	MSP	MSP	MSP	MSP
FL8Y J1231.6-6511 	YNG	YNG	YNG	YNG	YNG	YNG	YNG	YNG	YNG	YNG	YNG	YNG
FL8Y J1304.4+1203 	MSP	MSP	MSP	MSP	YNG	MSP	MSP	MSP	MSP	MSP	YNG	MSP
FL8Y J1306.3-6043 	YNG	MSP	YNG	YNG	MSP	MSP	YNG	YNG	MSP	YNG	YNG	YNG
FL8Y J1309.2-6227 	YNG	YNG	YNG	YNG	YNG	YNG	YNG	YNG	YNG	YNG	YNG	YNG
FL8Y J1317.6-6318 	YNG	YNG	YNG	YNG	YNG	YNG	YNG	YNG	YNG	YNG	YNG	YNG
FL8Y J1329.9-6108 	MSP	YNG	YNG	YNG	MSP	MSP	YNG	MSP	MSP	MSP	YNG	MSP
FL8Y J1335.0-5656 	MSP	MSP	MSP	MSP	MSP	MSP	MSP	MSP	MSP	MSP	MSP	MSP
FL8Y J1344.9-6224 	YNG	YNG	YNG	YNG	YNG	YNG	YNG	YNG	YNG	YNG	YNG	YNG
FL8Y J1345.9-2612 	MSP	MSP	MSP	MSP	YNG	MSP	MSP	MSP	MSP	MSP	YNG	MSP
FL8Y J1351.0-6140 	YNG	YNG	YNG	YNG	YNG	YNG	YNG	YNG	YNG	YNG	YNG	YNG
FL8Y J1358.1-6025 	YNG	YNG	MSP	YNG	YNG	YNG	YNG	YNG	YNG	YNG	YNG	YNG
FL8Y J1400.0-2415 	MSP	MSP	MSP	MSP	MSP	MSP	MSP	MSP	MSP	MSP	MSP	MSP
FL8Y J1403.5-6237 	YNG	MSP	YNG	YNG	YNG	YNG	YNG	YNG	YNG	YNG	YNG	YNG
FL8Y J1405.3-6119 	YNG	YNG	YNG	YNG	YNG	YNG	YNG	YNG	YNG	YNG	YNG	YNG
FL8Y J1441.7-5951 	YNG	MSP	MSP	YNG	YNG	YNG	YNG	YNG	YNG	YNG	YNG	YNG
FL8Y J1444.0-5930 	YNG	YNG	YNG	YNG	YNG	YNG	YNG	YNG	YNG	YNG	YNG	YNG
FL8Y J1447.5-5757 	YNG	YNG	YNG	YNG	YNG	YNG	YNG	YNG	YNG	YNG	YNG	YNG
FL8Y J1458.8-2120 	MSP	MSP	MSP	MSP	MSP	MSP	MSP	MSP	MSP	MSP	MSP	MSP
FL8Y J1514.8-6308 	MSP	MSP	MSP	MSP	MSP	YNG	YNG	MSP	YNG	YNG	YNG	MSP
FL8Y J1517.9-5233 	MSP	MSP	MSP	MSP	MSP	MSP	YNG	MSP	MSP	MSP	YNG	MSP
FL8Y J1526.6-2744 	MSP	MSP	MSP	MSP	MSP	MSP	MSP	MSP	MSP	YNG	YNG	MSP
FL8Y J1527.8+1013 	MSP	MSP	MSP	MSP	YNG	MSP	MSP	MSP	MSP	MSP	YNG	MSP
FL8Y J1534.7-5842 	YNG	MSP	MSP	YNG	MSP	MSP	YNG	YNG	YNG	YNG	YNG	YNG
FL8Y J1539.3-3324 	MSP	MSP	MSP	MSP	MSP	MSP	MSP	MSP	MSP	MSP	MSP	MSP
FL8Y J1541.8-5159 	MSP	MSP	MSP	MSP	MSP	MSP	YNG	YNG	MSP	YNG	YNG	MSP
FL8Y J1544.2-2554 	MSP	MSP	MSP	MSP	MSP	MSP	MSP	MSP	MSP	MSP	MSP	MSP
FL8Y J1545.5-5416 	YNG	YNG	YNG	YNG	YNG	YNG	YNG	YNG	YNG	YNG	YNG	YNG
FL8Y J1548.6-5345 	YNG	YNG	YNG	YNG	YNG	YNG	YNG	YNG	YNG	YNG	YNG	YNG
FL8Y J1555.5-5550 	YNG	YNG	MSP	YNG	YNG	MSP	YNG	YNG	YNG	YNG	YNG	YNG
FL8Y J1602.2+2306 	MSP	MSP	MSP	MSP	MSP	MSP	MSP	MSP	MSP	MSP	MSP	MSP
FL8Y J1603.3-6010 	MSP	MSP	MSP	MSP	MSP	MSP	MSP	MSP	MSP	YNG	YNG	MSP
FL8Y J1604.5-4929 	MSP	YNG	MSP	YNG	MSP	MSP	YNG	YNG	YNG	YNG	YNG	YNG
FL8Y J1608.3-4759 	YNG	MSP	MSP	YNG	YNG	YNG	YNG	MSP	YNG	YNG	YNG	YNG
FL8Y J1612.0+1407 	MSP	MSP	MSP	MSP	MSP	MSP	MSP	MSP	MSP	MSP	MSP	MSP
FL8Y J1613.0-5101 	YNG	YNG	YNG	YNG	YNG	YNG	YNG	YNG	YNG	YNG	YNG	YNG
FL8Y J1613.2-5140 	YNG	YNG	YNG	YNG	YNG	YNG	YNG	YNG	YNG	YNG	YNG	YNG
FL8Y J1615.3-5137 	YNG	YNG	YNG	YNG	YNG	YNG	YNG	YNG	YNG	YNG	YNG	YNG
FL8Y J1616.1-5006 	YNG	YNG	YNG	YNG	YNG	YNG	YNG	YNG	YNG	YNG	YNG	YNG
FL8Y J1616.6-5340 	YNG	MSP	YNG	YNG	YNG	MSP	YNG	YNG	MSP	YNG	YNG	YNG
FL8Y J1618.0-5033 	YNG	YNG	MSP	YNG	YNG	YNG	YNG	YNG	YNG	YNG	YNG	YNG
FL8Y J1619.5-5105 	YNG	YNG	MSP	YNG	YNG	YNG	YNG	YNG	YNG	YNG	YNG	YNG
FL8Y J1619.5-5015 	YNG	YNG	YNG	YNG	YNG	YNG	YNG	YNG	YNG	YNG	YNG	YNG
FL8Y J1619.9-5046 	YNG	YNG	YNG	YNG	YNG	YNG	YNG	YNG	YNG	YNG	YNG	YNG
FL8Y J1620.7-4957 	YNG	YNG	YNG	YNG	YNG	YNG	YNG	YNG	YNG	YNG	YNG	YNG
FL8Y J1620.9-5035 	YNG	YNG	MSP	YNG	YNG	YNG	YNG	YNG	YNG	YNG	YNG	YNG
FL8Y J1622.6-4935 	YNG	YNG	YNG	YNG	YNG	YNG	YNG	YNG	YNG	YNG	YNG	YNG
FL8Y J1622.8-5107 	YNG	YNG	YNG	YNG	YNG	YNG	YNG	YNG	YNG	YNG	YNG	YNG
FL8Y J1624.3-4941 	YNG	YNG	YNG	YNG	YNG	YNG	YNG	YNG	YNG	YNG	YNG	YNG
FL8Y J1624.4-3953 	MSP	MSP	MSP	MSP	MSP	MSP	MSP	MSP	MSP	MSP	MSP	MSP
FL8Y J1624.9-4541 	MSP	YNG	MSP	YNG	MSP	YNG	YNG	YNG	YNG	YNG	YNG	YNG
FL8Y J1625.1-0020 	MSP	MSP	MSP	MSP	YNG	YNG	MSP	MSP	MSP	MSP	YNG	MSP
FL8Y J1626.0-4917 	YNG	YNG	MSP	YNG	YNG	YNG	YNG	YNG	YNG	YNG	YNG	YNG
FL8Y J1627.0-4248 	MSP	MSP	MSP	MSP	MSP	MSP	MSP	MSP	MSP	YNG	YNG	MSP
FL8Y J1627.7+3219 	MSP	MSP	MSP	MSP	MSP	MSP	MSP	MSP	MSP	MSP	MSP	MSP
FL8Y J1628.1-4920 	YNG	YNG	YNG	YNG	YNG	YNG	YNG	YNG	YNG	YNG	YNG	YNG
FL8Y J1628.5-4848 	YNG	YNG	YNG	YNG	YNG	YNG	YNG	YNG	YNG	YNG	YNG	YNG
FL8Y J1628.7-4822 	YNG	YNG	YNG	YNG	YNG	YNG	YNG	YNG	YNG	YNG	YNG	YNG
FL8Y J1630.1-1049 	MSP	MSP	MSP	MSP	MSP	MSP	MSP	MSP	MSP	MSP	MSP	MSP
FL8Y J1630.4-4837 	YNG	YNG	MSP	YNG	YNG	YNG	YNG	YNG	YNG	YNG	YNG	YNG
FL8Y J1633.8-4756 	YNG	YNG	YNG	YNG	YNG	YNG	YNG	YNG	YNG	YNG	YNG	YNG
FL8Y J1634.0-4743 	YNG	YNG	YNG	YNG	YNG	YNG	YNG	YNG	YNG	YNG	YNG	YNG
FL8Y J1636.0-4708 	YNG	YNG	YNG	YNG	YNG	YNG	YNG	YNG	YNG	YNG	YNG	YNG
FL8Y J1637.1-4705 	YNG	YNG	MSP	YNG	YNG	YNG	YNG	YNG	YNG	YNG	YNG	YNG
FL8Y J1638.2-4715 	YNG	YNG	YNG	YNG	YNG	YNG	YNG	YNG	YNG	YNG	YNG	YNG
FL8Y J1638.5-4654 	YNG	YNG	YNG	YNG	YNG	YNG	YNG	YNG	YNG	YNG	YNG	YNG
FL8Y J1639.3-5146 	MSP	YNG	YNG	YNG	YNG	MSP	YNG	YNG	MSP	MSP	YNG	MSP
FL8Y J1641.3-5317 	MSP	MSP	MSP	MSP	MSP	YNG	YNG	MSP	MSP	MSP	YNG	MSP
FL8Y J1643.4-3149 	MSP	MSP	MSP	MSP	MSP	MSP	MSP	MSP	MSP	MSP	MSP	MSP
FL8Y J1646.5-4405 	YNG	YNG	YNG	YNG	YNG	YNG	YNG	YNG	YNG	YNG	YNG	YNG
FL8Y J1646.6-2153 	MSP	MSP	MSP	MSP	MSP	MSP	MSP	MSP	MSP	YNG	YNG	MSP
FL8Y J1649.3-4442 	YNG	YNG	YNG	YNG	YNG	YNG	YNG	YNG	YNG	YNG	YNG	YNG
FL8Y J1649.7-3011 	MSP	MSP	MSP	MSP	MSP	MSP	MSP	MSP	MSP	MSP	MSP	MSP
FL8Y J1650.4-4421 	YNG	YNG	YNG	YNG	YNG	YNG	YNG	YNG	YNG	YNG	YNG	YNG
FL8Y J1651.2-4441 	YNG	YNG	YNG	YNG	YNG	YNG	YNG	YNG	YNG	YNG	YNG	YNG
FL8Y J1651.6-4524 	YNG	YNG	YNG	YNG	YNG	YNG	YNG	YNG	YNG	YNG	YNG	YNG
FL8Y J1651.7-4400 	YNG	YNG	YNG	YNG	YNG	YNG	YNG	YNG	YNG	YNG	YNG	YNG
FL8Y J1653.1-4349 	YNG	YNG	YNG	YNG	YNG	YNG	YNG	YNG	YNG	YNG	YNG	YNG
FL8Y J1653.5-0158 	MSP	MSP	MSP	MSP	MSP	MSP	MSP	MSP	MSP	MSP	MSP	MSP
FL8Y J1656.6-2733 	MSP	MSP	MSP	MSP	MSP	MSP	MSP	MSP	MSP	MSP	MSP	MSP
FL8Y J1659.0-0140 	MSP	MSP	MSP	MSP	MSP	MSP	MSP	MSP	MSP	MSP	MSP	MSP
FL8Y J1659.2-1444 	MSP	MSP	MSP	MSP	MSP	MSP	MSP	MSP	MSP	MSP	MSP	MSP
FL8Y J1700.1-4016 	YNG	YNG	YNG	YNG	YNG	YNG	YNG	YNG	YNG	YNG	YNG	YNG
FL8Y J1700.4-4237 	YNG	YNG	YNG	YNG	YNG	YNG	YNG	YNG	YNG	YNG	YNG	YNG
FL8Y J1701.9-4628 	YNG	YNG	MSP	MSP	MSP	YNG	YNG	MSP	YNG	YNG	YNG	YNG
FL8Y J1704.7-4031 	YNG	YNG	YNG	YNG	YNG	YNG	YNG	YNG	YNG	YNG	YNG	YNG
FL8Y J1710.4-3942 	YNG	YNG	YNG	YNG	YNG	YNG	YNG	YNG	YNG	YNG	YNG	YNG
FL8Y J1711.1-3003 	MSP	MSP	MSP	MSP	MSP	MSP	MSP	MSP	MSP	YNG	YNG	MSP
FL8Y J1711.8-1922 	MSP	MSP	MSP	MSP	MSP	MSP	MSP	MSP	MSP	MSP	MSP	MSP
FL8Y J1714.8-3850 	YNG	YNG	YNG	YNG	YNG	YNG	YNG	YNG	YNG	YNG	YNG	YNG
FL8Y J1715.0-3324 	MSP	MSP	MSP	MSP	MSP	MSP	YNG	MSP	MSP	YNG	YNG	MSP
FL8Y J1717.7-3443 	YNG	MSP	YNG	YNG	YNG	YNG	MSP	YNG	MSP	YNG	YNG	YNG
FL8Y J1718.9-3258 	MSP	YNG	MSP	YNG	MSP	YNG	YNG	YNG	YNG	YNG	YNG	YNG
FL8Y J1719.8-3426 	MSP	YNG	MSP	YNG	YNG	YNG	YNG	YNG	YNG	YNG	YNG	YNG
FL8Y J1720.2-3708 	YNG	YNG	YNG	YNG	YNG	YNG	YNG	YNG	YNG	YNG	YNG	YNG
FL8Y J1723.5-3340 	YNG	YNG	YNG	YNG	YNG	MSP	YNG	YNG	YNG	YNG	YNG	YNG
FL8Y J1726.5-3525 	YNG	YNG	YNG	YNG	YNG	YNG	YNG	YNG	YNG	YNG	YNG	YNG
FL8Y J1728.0-4606 	MSP	MSP	MSP	MSP	MSP	MSP	MSP	MSP	MSP	MSP	MSP	MSP
FL8Y J1729.0-3501 	YNG	YNG	YNG	YNG	YNG	YNG	YNG	YNG	MSP	YNG	YNG	YNG
FL8Y J1729.0-3549 	YNG	YNG	YNG	YNG	YNG	YNG	YNG	YNG	YNG	YNG	YNG	YNG
FL8Y J1729.1-2833 	MSP	MSP	MSP	YNG	MSP	YNG	MSP	MSP	MSP	YNG	YNG	YNG
FL8Y J1729.4-2646 	MSP	YNG	MSP	MSP	MSP	YNG	YNG	MSP	MSP	YNG	YNG	MSP
FL8Y J1729.7-2404 	YNG	MSP	MSP	MSP	YNG	MSP	YNG	MSP	YNG	YNG	YNG	YNG
FL8Y J1730.4-0359 	MSP	MSP	MSP	MSP	MSP	MSP	MSP	MSP	MSP	MSP	MSP	MSP
FL8Y J1730.7-2548 	MSP	YNG	MSP	MSP	MSP	YNG	MSP	MSP	YNG	YNG	YNG	MSP
FL8Y J1732.8-2601 	MSP	YNG	MSP	MSP	MSP	YNG	YNG	MSP	YNG	YNG	YNG	MSP
FL8Y J1733.3-2528 	MSP	YNG	MSP	MSP	MSP	YNG	MSP	MSP	MSP	YNG	YNG	MSP
FL8Y J1733.4-2915 	MSP	YNG	MSP	YNG	MSP	YNG	YNG	YNG	YNG	YNG	YNG	YNG
FL8Y J1733.7-2430 	MSP	YNG	MSP	MSP	MSP	YNG	MSP	MSP	MSP	YNG	YNG	MSP
FL8Y J1734.7-2814 	YNG	MSP	YNG	YNG	YNG	YNG	YNG	MSP	YNG	YNG	YNG	YNG
FL8Y J1735.4-2940 	YNG	YNG	MSP	YNG	YNG	YNG	YNG	YNG	YNG	YNG	YNG	YNG
FL8Y J1735.6-2711 	MSP	YNG	MSP	MSP	MSP	YNG	MSP	YNG	YNG	YNG	YNG	MSP
FL8Y J1736.2-3423 	YNG	YNG	YNG	YNG	YNG	YNG	YNG	YNG	MSP	YNG	YNG	YNG
FL8Y J1736.4-2926 	YNG	YNG	MSP	YNG	YNG	YNG	YNG	YNG	YNG	YNG	YNG	YNG
FL8Y J1736.6-2625 	MSP	MSP	MSP	YNG	MSP	YNG	YNG	MSP	YNG	YNG	YNG	YNG
FL8Y J1737.2-2858 	YNG	MSP	YNG	YNG	YNG	YNG	MSP	YNG	MSP	YNG	YNG	YNG
FL8Y J1737.6-3152 	YNG	YNG	YNG	YNG	YNG	YNG	YNG	YNG	YNG	YNG	YNG	YNG
FL8Y J1738.0-2503 	MSP	YNG	MSP	YNG	YNG	YNG	YNG	MSP	YNG	YNG	YNG	YNG
FL8Y J1738.5-2708 	MSP	YNG	MSP	YNG	MSP	YNG	YNG	YNG	YNG	YNG	YNG	YNG
FL8Y J1738.8-2835 	YNG	YNG	MSP	YNG	YNG	YNG	YNG	YNG	YNG	YNG	YNG	YNG
FL8Y J1739.0-2921 	YNG	YNG	MSP	YNG	YNG	YNG	YNG	YNG	YNG	YNG	YNG	YNG
FL8Y J1739.3-2530 	MSP	YNG	MSP	YNG	MSP	YNG	YNG	MSP	MSP	YNG	YNG	YNG
FL8Y J1739.3-2729 	MSP	YNG	MSP	YNG	YNG	YNG	YNG	YNG	YNG	YNG	YNG	YNG
FL8Y J1739.5-3015 	YNG	YNG	MSP	YNG	YNG	YNG	YNG	YNG	YNG	YNG	YNG	YNG
FL8Y J1740.5-2850 	YNG	YNG	MSP	YNG	YNG	YNG	YNG	YNG	YNG	YNG	YNG	YNG
FL8Y J1740.6-2837 	YNG	YNG	MSP	YNG	YNG	YNG	YNG	YNG	YNG	YNG	YNG	YNG
FL8Y J1740.7-2757 	YNG	MSP	MSP	YNG	YNG	YNG	YNG	YNG	YNG	YNG	YNG	YNG
FL8Y J1740.8-2641 	MSP	YNG	MSP	YNG	MSP	YNG	YNG	YNG	MSP	YNG	YNG	YNG
FL8Y J1741.0-2909 	YNG	YNG	YNG	YNG	YNG	YNG	YNG	YNG	YNG	YNG	YNG	YNG
FL8Y J1741.3-3118 	YNG	YNG	YNG	YNG	YNG	YNG	YNG	YNG	YNG	YNG	YNG	YNG
FL8Y J1741.7-3001 	YNG	YNG	MSP	YNG	YNG	YNG	YNG	YNG	YNG	YNG	YNG	YNG
FL8Y J1741.7-2728 	MSP	YNG	YNG	YNG	YNG	YNG	YNG	YNG	YNG	YNG	YNG	YNG
FL8Y J1742.2-3320 	YNG	YNG	YNG	YNG	YNG	YNG	YNG	YNG	MSP	YNG	YNG	YNG
FL8Y J1742.5-2835 	YNG	YNG	YNG	YNG	YNG	YNG	YNG	YNG	YNG	YNG	YNG	YNG
FL8Y J1742.9-3202 	YNG	YNG	YNG	YNG	YNG	YNG	YNG	YNG	YNG	YNG	YNG	YNG
FL8Y J1743.1-2245 	MSP	YNG	MSP	YNG	MSP	YNG	YNG	MSP	MSP	YNG	YNG	YNG
FL8Y J1743.7-4321 	MSP	MSP	MSP	MSP	MSP	MSP	MSP	MSP	MSP	MSP	MSP	MSP
FL8Y J1743.8-3141 	YNG	YNG	MSP	YNG	YNG	YNG	YNG	YNG	YNG	YNG	YNG	YNG
FL8Y J1743.9-1820 	MSP	MSP	MSP	MSP	MSP	MSP	MSP	MSP	MSP	YNG	YNG	MSP
FL8Y J1744.0-7618 	MSP	MSP	MSP	MSP	MSP	MSP	MSP	MSP	MSP	MSP	MSP	MSP
FL8Y J1744.0-1311 	MSP	MSP	MSP	MSP	MSP	MSP	MSP	MSP	MSP	MSP	MSP	MSP
FL8Y J1744.3-2507 	MSP	YNG	MSP	MSP	MSP	MSP	YNG	YNG	YNG	YNG	YNG	MSP
FL8Y J1744.5-3008 	YNG	YNG	YNG	YNG	YNG	YNG	YNG	YNG	YNG	YNG	YNG	YNG
FL8Y J1744.7-1558 	MSP	MSP	MSP	MSP	MSP	MSP	MSP	MSP	MSP	MSP	MSP	MSP
FL8Y J1744.8-3324 	YNG	YNG	YNG	YNG	YNG	YNG	YNG	YNG	MSP	YNG	YNG	YNG
FL8Y J1745.0-2917 	YNG	YNG	YNG	YNG	YNG	YNG	YNG	YNG	YNG	YNG	YNG	YNG
FL8Y J1745.7-3144 	YNG	MSP	MSP	YNG	YNG	MSP	MSP	YNG	YNG	YNG	YNG	YNG
FL8Y J1746.0-2505 	MSP	YNG	MSP	YNG	YNG	YNG	YNG	YNG	YNG	YNG	YNG	YNG
FL8Y J1746.3-2542 	MSP	YNG	MSP	YNG	YNG	MSP	YNG	YNG	YNG	YNG	YNG	YNG
FL8Y J1746.5-2926 	YNG	YNG	YNG	YNG	YNG	YNG	YNG	YNG	YNG	YNG	YNG	YNG
FL8Y J1747.2-2821 	YNG	YNG	YNG	YNG	YNG	YNG	YNG	YNG	YNG	YNG	YNG	YNG
FL8Y J1747.7-2850 	YNG	YNG	MSP	YNG	YNG	YNG	YNG	YNG	YNG	YNG	YNG	YNG
FL8Y J1747.8-3008 	YNG	YNG	MSP	YNG	YNG	YNG	YNG	YNG	YNG	YNG	YNG	YNG
FL8Y J1748.0-2825 	YNG	YNG	MSP	YNG	YNG	YNG	YNG	YNG	YNG	YNG	YNG	YNG
FL8Y J1748.1-2903 	YNG	YNG	YNG	YNG	YNG	YNG	YNG	YNG	YNG	YNG	YNG	YNG
FL8Y J1748.5-2814 	YNG	YNG	MSP	YNG	YNG	YNG	YNG	YNG	YNG	YNG	YNG	YNG
FL8Y J1748.8-3914 	MSP	MSP	MSP	MSP	MSP	MSP	MSP	MSP	MSP	MSP	MSP	MSP
FL8Y J1748.9-2918 	YNG	YNG	YNG	YNG	YNG	YNG	YNG	YNG	YNG	YNG	YNG	YNG
FL8Y J1749.6-3143 	YNG	MSP	MSP	YNG	YNG	YNG	MSP	YNG	MSP	YNG	YNG	YNG
FL8Y J1750.2-2900 	YNG	YNG	YNG	YNG	YNG	YNG	YNG	YNG	YNG	YNG	YNG	YNG
FL8Y J1752.2-3035 	YNG	YNG	YNG	YNG	YNG	YNG	YNG	YNG	YNG	YNG	YNG	YNG
FL8Y J1752.3-2838 	YNG	YNG	YNG	YNG	YNG	YNG	YNG	YNG	YNG	YNG	YNG	YNG
FL8Y J1752.9-4448 	MSP	MSP	MSP	MSP	MSP	MSP	MSP	MSP	MSP	MSP	MSP	MSP
FL8Y J1753.2-2922 	YNG	YNG	MSP	YNG	YNG	YNG	YNG	YNG	YNG	YNG	YNG	YNG
FL8Y J1753.5-3325 	MSP	MSP	MSP	MSP	MSP	YNG	MSP	MSP	MSP	YNG	YNG	MSP
FL8Y J1753.8-2538 	YNG	YNG	YNG	YNG	YNG	YNG	YNG	YNG	YNG	YNG	YNG	YNG
FL8Y J1754.4-2932 	YNG	YNG	YNG	YNG	YNG	YNG	YNG	YNG	YNG	YNG	YNG	YNG
FL8Y J1755.9-2515 	YNG	YNG	YNG	YNG	YNG	YNG	YNG	YNG	YNG	YNG	YNG	YNG
FL8Y J1757.6-2337 	YNG	YNG	YNG	YNG	YNG	YNG	YNG	YNG	YNG	YNG	YNG	YNG
FL8Y J1757.7-6032 	MSP	MSP	MSP	MSP	MSP	MSP	MSP	MSP	MSP	MSP	MSP	MSP
FL8Y J1758.6-2404 	YNG	YNG	MSP	YNG	YNG	YNG	YNG	YNG	YNG	YNG	YNG	YNG
FL8Y J1759.0-2346 	YNG	YNG	MSP	YNG	YNG	YNG	YNG	YNG	YNG	YNG	YNG	YNG
FL8Y J1759.2-3849 	MSP	MSP	MSP	MSP	MSP	MSP	MSP	MSP	MSP	MSP	MSP	MSP
FL8Y J1759.7-2353 	YNG	YNG	YNG	YNG	YNG	YNG	YNG	YNG	YNG	YNG	YNG	YNG
FL8Y J1759.8-2952 	YNG	YNG	MSP	YNG	MSP	YNG	YNG	MSP	MSP	YNG	YNG	YNG
FL8Y J1800.2-2404 	YNG	YNG	MSP	YNG	YNG	YNG	YNG	YNG	YNG	YNG	YNG	YNG
FL8Y J1800.6-2355 	YNG	YNG	MSP	YNG	YNG	YNG	YNG	YNG	YNG	YNG	YNG	YNG
FL8Y J1800.9-2408 	YNG	YNG	YNG	YNG	YNG	YNG	YNG	YNG	YNG	YNG	YNG	YNG
FL8Y J1801.6-2359 	YNG	YNG	MSP	YNG	YNG	YNG	YNG	YNG	YNG	YNG	YNG	YNG
FL8Y J1802.0-2650 	YNG	MSP	MSP	YNG	YNG	MSP	YNG	YNG	MSP	YNG	YNG	YNG
FL8Y J1802.4-3042 	MSP	MSP	MSP	MSP	MSP	YNG	YNG	MSP	MSP	YNG	YNG	MSP
FL8Y J1802.8-2719 	YNG	MSP	MSP	YNG	YNG	MSP	YNG	YNG	MSP	YNG	YNG	YNG
FL8Y J1803.1+1401 	MSP	YNG	MSP	MSP	MSP	MSP	MSP	MSP	YNG	YNG	YNG	MSP
FL8Y J1803.1-6707 	MSP	MSP	MSP	MSP	MSP	MSP	MSP	MSP	MSP	MSP	MSP	MSP
FL8Y J1803.9-2907 	YNG	MSP	MSP	YNG	YNG	YNG	YNG	YNG	YNG	YNG	YNG	YNG
FL8Y J1805.1-3619 	MSP	MSP	MSP	MSP	MSP	MSP	MSP	MSP	MSP	MSP	MSP	MSP
FL8Y J1807.1-2458 	YNG	MSP	YNG	YNG	YNG	MSP	YNG	YNG	MSP	YNG	YNG	YNG
FL8Y J1807.3-2022 	YNG	YNG	YNG	YNG	YNG	YNG	YNG	YNG	YNG	YNG	YNG	YNG
FL8Y J1808.0-1928 	YNG	YNG	YNG	YNG	YNG	YNG	YNG	YNG	YNG	YNG	YNG	YNG
FL8Y J1808.4-3400 	MSP	MSP	MSP	MSP	MSP	MSP	MSP	MSP	MSP	YNG	YNG	MSP
FL8Y J1809.3-2018 	YNG	YNG	YNG	YNG	YNG	YNG	YNG	YNG	YNG	YNG	YNG	YNG
FL8Y J1809.5-1902 	YNG	YNG	YNG	YNG	YNG	YNG	YNG	YNG	YNG	YNG	YNG	YNG
FL8Y J1809.8-2410 	YNG	YNG	MSP	YNG	YNG	YNG	YNG	YNG	YNG	YNG	YNG	YNG
FL8Y J1810.6-1947 	YNG	YNG	YNG	YNG	YNG	YNG	YNG	YNG	YNG	YNG	YNG	YNG
FL8Y J1811.3-1900 	YNG	YNG	YNG	YNG	YNG	YNG	YNG	YNG	YNG	YNG	YNG	YNG
FL8Y J1811.5-1840 	YNG	YNG	MSP	YNG	YNG	YNG	YNG	YNG	YNG	YNG	YNG	YNG
FL8Y J1812.5-1811 	YNG	YNG	MSP	YNG	YNG	MSP	YNG	YNG	YNG	YNG	YNG	YNG
FL8Y J1812.8-3144 	MSP	MSP	MSP	MSP	MSP	MSP	MSP	MSP	MSP	MSP	MSP	MSP
FL8Y J1812.9-1130 	MSP	YNG	MSP	MSP	MSP	YNG	YNG	YNG	YNG	YNG	YNG	MSP
FL8Y J1813.7-1151 	MSP	YNG	MSP	YNG	MSP	YNG	YNG	MSP	YNG	YNG	YNG	YNG
FL8Y J1814.1-1736 	YNG	YNG	YNG	YNG	YNG	YNG	YNG	YNG	YNG	YNG	YNG	YNG
FL8Y J1814.4+3132 	MSP	MSP	MSP	MSP	MSP	MSP	MSP	MSP	MSP	MSP	MSP	MSP
FL8Y J1814.5-2532 	YNG	MSP	MSP	MSP	MSP	YNG	YNG	MSP	MSP	MSP	YNG	MSP
FL8Y J1815.2-1122 	MSP	YNG	MSP	YNG	MSP	YNG	YNG	YNG	YNG	YNG	YNG	YNG
FL8Y J1815.7-1336 	YNG	YNG	MSP	YNG	YNG	YNG	YNG	YNG	YNG	YNG	YNG	YNG
FL8Y J1815.7-1416 	YNG	YNG	YNG	YNG	YNG	MSP	YNG	YNG	YNG	YNG	YNG	YNG
FL8Y J1816.7-1209 	YNG	MSP	YNG	YNG	MSP	MSP	MSP	YNG	MSP	YNG	YNG	YNG
FL8Y J1817.2-1741 	YNG	YNG	YNG	YNG	YNG	YNG	YNG	YNG	YNG	YNG	YNG	YNG
FL8Y J1817.9-3333 	MSP	MSP	MSP	MSP	MSP	MSP	MSP	MSP	MSP	MSP	MSP	MSP
FL8Y J1818.1-2000 	YNG	YNG	YNG	YNG	YNG	YNG	YNG	YNG	MSP	MSP	YNG	YNG
FL8Y J1818.2-1128 	YNG	MSP	YNG	YNG	MSP	YNG	YNG	YNG	MSP	YNG	YNG	YNG
FL8Y J1818.5+1316 	MSP	MSP	YNG	MSP	MSP	MSP	MSP	MSP	MSP	MSP	YNG	MSP
FL8Y J1818.6-1529 	YNG	YNG	YNG	YNG	YNG	YNG	YNG	YNG	YNG	YNG	YNG	YNG
FL8Y J1819.7-1256 	YNG	MSP	YNG	YNG	YNG	YNG	YNG	YNG	YNG	YNG	YNG	YNG
FL8Y J1819.9-1530 	YNG	YNG	YNG	YNG	YNG	YNG	YNG	YNG	YNG	YNG	YNG	YNG
FL8Y J1820.0-1346 	YNG	YNG	YNG	YNG	YNG	YNG	YNG	YNG	YNG	YNG	YNG	YNG
FL8Y J1820.7-3216 	MSP	MSP	MSP	MSP	MSP	MSP	MSP	MSP	MSP	YNG	YNG	MSP
FL8Y J1821.2-1422 	YNG	YNG	YNG	YNG	YNG	YNG	YNG	YNG	YNG	YNG	YNG	YNG
FL8Y J1821.7-1443 	YNG	YNG	YNG	YNG	YNG	YNG	YNG	YNG	YNG	YNG	YNG	YNG
FL8Y J1822.3-1330 	YNG	YNG	YNG	YNG	YNG	YNG	YNG	YNG	YNG	YNG	YNG	YNG
FL8Y J1822.9-4717 	MSP	MSP	MSP	MSP	MSP	MSP	MSP	MSP	MSP	MSP	MSP	MSP
FL8Y J1823.3-1339 	YNG	YNG	YNG	YNG	YNG	YNG	YNG	YNG	YNG	YNG	YNG	YNG
FL8Y J1823.9-1304 	YNG	YNG	MSP	YNG	YNG	YNG	YNG	YNG	YNG	YNG	YNG	YNG
FL8Y J1824.2-5426 	MSP	MSP	MSP	MSP	MSP	MSP	MSP	MSP	MSP	MSP	MSP	MSP
FL8Y J1824.2-0621 	MSP	MSP	MSP	YNG	MSP	MSP	MSP	MSP	MSP	YNG	YNG	YNG
FL8Y J1826.6-1207 	YNG	YNG	YNG	YNG	YNG	YNG	YNG	YNG	YNG	YNG	YNG	YNG
FL8Y J1827.5+1141 	MSP	MSP	MSP	MSP	MSP	MSP	MSP	MSP	MSP	MSP	MSP	MSP
FL8Y J1828.2-1135 	YNG	YNG	YNG	YNG	YNG	YNG	YNG	YNG	YNG	YNG	YNG	YNG
FL8Y J1828.2-1103 	YNG	YNG	YNG	YNG	YNG	YNG	YNG	YNG	YNG	YNG	YNG	YNG
FL8Y J1828.3-1310 	YNG	YNG	YNG	YNG	YNG	YNG	YNG	YNG	YNG	YNG	YNG	YNG
FL8Y J1828.6+3231 	MSP	MSP	MSP	MSP	MSP	MSP	MSP	MSP	MSP	MSP	MSP	MSP
FL8Y J1829.4-0202 	MSP	YNG	MSP	MSP	MSP	YNG	YNG	MSP	YNG	YNG	YNG	MSP
FL8Y J1829.4-0135 	MSP	YNG	MSP	MSP	MSP	YNG	YNG	MSP	YNG	YNG	YNG	MSP
FL8Y J1829.5-1254 	YNG	YNG	YNG	YNG	YNG	YNG	YNG	YNG	YNG	YNG	YNG	YNG
FL8Y J1830.0-0245 	MSP	YNG	MSP	MSP	MSP	MSP	YNG	MSP	YNG	YNG	YNG	MSP
FL8Y J1830.3-0215 	MSP	YNG	MSP	YNG	MSP	YNG	YNG	YNG	YNG	YNG	YNG	YNG
FL8Y J1830.8-3131 	MSP	MSP	MSP	MSP	MSP	MSP	MSP	MSP	MSP	MSP	MSP	MSP
FL8Y J1831.0-6503 	MSP	MSP	MSP	MSP	MSP	MSP	MSP	MSP	MSP	MSP	MSP	MSP
FL8Y J1831.4-0202 	MSP	YNG	MSP	MSP	MSP	YNG	MSP	MSP	YNG	YNG	YNG	MSP
FL8Y J1831.5-0224 	MSP	YNG	MSP	MSP	MSP	YNG	YNG	MSP	YNG	YNG	YNG	MSP
FL8Y J1832.4-0845 	YNG	YNG	YNG	YNG	YNG	YNG	YNG	YNG	YNG	YNG	YNG	YNG
FL8Y J1833.4-0239 	MSP	YNG	MSP	YNG	YNG	YNG	YNG	YNG	YNG	YNG	YNG	YNG
FL8Y J1833.6-0115 	MSP	YNG	MSP	MSP	MSP	YNG	YNG	MSP	YNG	YNG	YNG	MSP
FL8Y J1834.1+0615 	MSP	MSP	MSP	MSP	MSP	MSP	MSP	MSP	MSP	MSP	MSP	MSP
FL8Y J1834.2-0831 	YNG	YNG	YNG	YNG	YNG	YNG	YNG	YNG	YNG	YNG	YNG	YNG
FL8Y J1834.6-0727 	YNG	YNG	YNG	YNG	YNG	YNG	YNG	YNG	YNG	YNG	YNG	YNG
FL8Y J1835.5-0522 	YNG	YNG	YNG	YNG	YNG	YNG	YNG	YNG	MSP	YNG	YNG	YNG
FL8Y J1836.8-0744 	YNG	YNG	YNG	YNG	YNG	YNG	YNG	YNG	MSP	YNG	YNG	YNG
FL8Y J1838.0-0621 	YNG	YNG	MSP	YNG	YNG	YNG	YNG	YNG	YNG	YNG	YNG	YNG
FL8Y J1838.3-0544 	YNG	YNG	YNG	YNG	YNG	YNG	YNG	YNG	YNG	YNG	YNG	YNG
FL8Y J1838.9-3456 	MSP	MSP	MSP	MSP	MSP	MSP	MSP	MSP	MSP	MSP	MSP	MSP
FL8Y J1839.4-0552 	YNG	YNG	YNG	YNG	YNG	YNG	YNG	YNG	YNG	YNG	YNG	YNG
FL8Y J1839.8-0118 	YNG	YNG	MSP	YNG	YNG	YNG	YNG	YNG	YNG	YNG	YNG	YNG
FL8Y J1840.5-1139 	YNG	MSP	YNG	YNG	MSP	YNG	YNG	YNG	YNG	YNG	YNG	YNG
FL8Y J1840.6-0516 	YNG	YNG	YNG	YNG	YNG	YNG	YNG	YNG	YNG	YNG	YNG	YNG
FL8Y J1840.8-0450 	YNG	YNG	YNG	YNG	YNG	YNG	YNG	YNG	YNG	YNG	YNG	YNG
FL8Y J1841.8-0457 	YNG	YNG	YNG	YNG	YNG	YNG	YNG	YNG	YNG	YNG	YNG	YNG
FL8Y J1842.1-0346 	YNG	YNG	YNG	YNG	YNG	YNG	YNG	YNG	YNG	YNG	YNG	YNG
FL8Y J1842.1+2737 	MSP	MSP	MSP	MSP	MSP	MSP	MSP	MSP	MSP	MSP	MSP	MSP
FL8Y J1842.8-0307 	YNG	YNG	YNG	YNG	YNG	YNG	YNG	YNG	YNG	YNG	YNG	YNG
FL8Y J1843.0-0409 	YNG	YNG	MSP	YNG	YNG	YNG	YNG	YNG	YNG	YNG	YNG	YNG
FL8Y J1844.7-0304 	YNG	YNG	YNG	YNG	YNG	YNG	YNG	YNG	YNG	YNG	YNG	YNG
FL8Y J1844.8-0319 	YNG	YNG	YNG	YNG	YNG	YNG	YNG	YNG	YNG	YNG	YNG	YNG
FL8Y J1845.0+0159 	MSP	YNG	MSP	YNG	MSP	YNG	YNG	MSP	MSP	YNG	YNG	YNG
FL8Y J1846.0+0507 	MSP	MSP	MSP	MSP	MSP	MSP	MSP	MSP	MSP	MSP	MSP	MSP
FL8Y J1846.5-0226 	YNG	YNG	YNG	YNG	YNG	YNG	YNG	YNG	YNG	YNG	YNG	YNG
FL8Y J1846.9-0142 	YNG	YNG	YNG	YNG	YNG	YNG	YNG	YNG	YNG	YNG	YNG	YNG
FL8Y J1847.1-0229 	YNG	YNG	MSP	YNG	YNG	YNG	YNG	YNG	YNG	YNG	YNG	YNG
FL8Y J1847.1+0120 	YNG	YNG	MSP	YNG	YNG	YNG	YNG	YNG	YNG	YNG	YNG	YNG
FL8Y J1847.3-0251 	YNG	YNG	YNG	YNG	YNG	YNG	YNG	YNG	YNG	YNG	YNG	YNG
FL8Y J1848.0-0013 	YNG	YNG	YNG	YNG	YNG	YNG	YNG	YNG	YNG	YNG	YNG	YNG
FL8Y J1848.4-0158 	YNG	YNG	YNG	YNG	YNG	YNG	YNG	YNG	YNG	YNG	YNG	YNG
FL8Y J1848.6-0221 	YNG	YNG	MSP	YNG	YNG	YNG	YNG	YNG	YNG	YNG	YNG	YNG
FL8Y J1849.4-0117 	YNG	YNG	MSP	YNG	YNG	YNG	YNG	YNG	YNG	YNG	YNG	YNG
FL8Y J1850.6-0032 	YNG	YNG	YNG	YNG	YNG	YNG	YNG	YNG	YNG	YNG	YNG	YNG
FL8Y J1850.6+0041 	YNG	YNG	YNG	YNG	YNG	YNG	YNG	YNG	YNG	YNG	YNG	YNG
FL8Y J1852.4+0023 	YNG	YNG	MSP	YNG	YNG	MSP	YNG	YNG	YNG	YNG	YNG	YNG
FL8Y J1852.9+0201 	YNG	YNG	YNG	YNG	YNG	YNG	YNG	YNG	YNG	YNG	YNG	YNG
FL8Y J1852.9+0430 	YNG	YNG	YNG	YNG	YNG	YNG	YNG	YNG	YNG	YNG	YNG	YNG
FL8Y J1854.9+0146 	YNG	YNG	YNG	YNG	YNG	YNG	YNG	YNG	YNG	YNG	YNG	YNG
FL8Y J1854.9+0050 	YNG	YNG	YNG	YNG	YNG	YNG	YNG	YNG	YNG	YNG	YNG	YNG
FL8Y J1857.1+0545 	YNG	YNG	YNG	YNG	YNG	YNG	YNG	YNG	YNG	YNG	YNG	YNG
FL8Y J1857.4+0106 	YNG	YNG	MSP	YNG	YNG	YNG	YNG	YNG	YNG	YNG	YNG	YNG
FL8Y J1857.9+0356 	YNG	YNG	YNG	YNG	YNG	YNG	YNG	YNG	YNG	YNG	YNG	YNG
FL8Y J1858.5-5424 	MSP	MSP	MSP	MSP	MSP	MSP	MSP	MSP	MSP	MSP	MSP	MSP
FL8Y J1859.3+0312 	YNG	YNG	YNG	YNG	YNG	YNG	YNG	YNG	YNG	YNG	YNG	YNG
FL8Y J1900.5+0338 	YNG	YNG	YNG	YNG	YNG	YNG	YNG	YNG	YNG	YNG	YNG	YNG
FL8Y J1900.8+0540 	YNG	YNG	YNG	YNG	YNG	YNG	YNG	YNG	YNG	YNG	YNG	YNG
FL8Y J1901.1+0730 	MSP	YNG	YNG	YNG	YNG	MSP	YNG	MSP	YNG	YNG	YNG	YNG
FL8Y J1901.5+0359 	YNG	YNG	YNG	YNG	YNG	YNG	YNG	YNG	YNG	YNG	YNG	YNG
FL8Y J1902.5+0448 	YNG	YNG	YNG	YNG	YNG	YNG	YNG	YNG	YNG	YNG	YNG	YNG
FL8Y J1904.7-0707 	MSP	MSP	MSP	MSP	MSP	MSP	MSP	MSP	MSP	MSP	MSP	MSP
FL8Y J1906.1+1652 	MSP	MSP	MSP	MSP	MSP	MSP	MSP	MSP	YNG	YNG	YNG	MSP
FL8Y J1908.7+0811 	YNG	YNG	YNG	YNG	YNG	YNG	YNG	YNG	YNG	YNG	YNG	YNG
FL8Y J1909.0+1020 	YNG	MSP	YNG	YNG	YNG	YNG	YNG	YNG	MSP	YNG	YNG	YNG
FL8Y J1911.8+0926 	YNG	YNG	YNG	YNG	YNG	YNG	YNG	YNG	YNG	YNG	YNG	YNG
FL8Y J1912.7+0959 	YNG	YNG	YNG	YNG	YNG	YNG	YNG	YNG	YNG	YNG	YNG	YNG
FL8Y J1912.8+1317 	YNG	MSP	YNG	YNG	YNG	YNG	YNG	YNG	MSP	YNG	YNG	YNG
FL8Y J1913.4-1527 	MSP	MSP	MSP	MSP	MSP	MSP	MSP	YNG	MSP	YNG	YNG	MSP
FL8Y J1914.8+1151 	YNG	YNG	YNG	YNG	YNG	YNG	YNG	YNG	YNG	YNG	YNG	YNG
FL8Y J1916.9-3025 	MSP	MSP	MSP	MSP	MSP	MSP	MSP	MSP	MSP	MSP	MSP	MSP
FL8Y J1917.0+1116 	YNG	YNG	YNG	YNG	YNG	YNG	YNG	YNG	MSP	YNG	YNG	YNG
FL8Y J1919.4+1619 	YNG	YNG	MSP	YNG	YNG	YNG	YNG	YNG	YNG	YNG	YNG	YNG
FL8Y J1919.5+1355 	YNG	YNG	YNG	YNG	YNG	YNG	YNG	YNG	YNG	YNG	YNG	YNG
FL8Y J1919.9+1420 	YNG	YNG	YNG	YNG	YNG	YNG	YNG	YNG	YNG	YNG	YNG	YNG
FL8Y J1920.9+1408 	YNG	YNG	YNG	YNG	YNG	YNG	YNG	YNG	YNG	YNG	YNG	YNG
FL8Y J1921.5+1501 	YNG	YNG	YNG	YNG	YNG	YNG	YNG	YNG	YNG	YNG	YNG	YNG
FL8Y J1924.8-1035 	MSP	MSP	MSP	MSP	MSP	MSP	MSP	MSP	MSP	YNG	YNG	MSP
FL8Y J1925.0+2256 	MSP	MSP	MSP	MSP	MSP	YNG	MSP	MSP	MSP	YNG	YNG	MSP
FL8Y J1925.0+1733 	YNG	MSP	MSP	YNG	YNG	MSP	YNG	YNG	YNG	YNG	YNG	YNG
FL8Y J1925.3+1518 	YNG	YNG	YNG	YNG	YNG	YNG	YNG	YNG	YNG	YNG	YNG	YNG
FL8Y J1926.1+1414 	YNG	YNG	YNG	YNG	YNG	YNG	YNG	YNG	YNG	YNG	YNG	YNG
FL8Y J1928.1+1800 	YNG	YNG	YNG	YNG	YNG	YNG	YNG	YNG	YNG	YNG	YNG	YNG
FL8Y J1928.8+1730 	YNG	MSP	YNG	YNG	YNG	YNG	YNG	YNG	MSP	YNG	YNG	YNG
FL8Y J1931.2+1655 	YNG	YNG	YNG	YNG	YNG	YNG	YNG	YNG	MSP	YNG	YNG	YNG
FL8Y J1934.3+1830 	YNG	YNG	YNG	YNG	YNG	MSP	YNG	YNG	YNG	YNG	YNG	YNG
FL8Y J1946.7+2416 	YNG	YNG	YNG	YNG	YNG	YNG	YNG	YNG	YNG	YNG	YNG	YNG
FL8Y J1950.3+2410 	YNG	MSP	YNG	YNG	YNG	YNG	YNG	YNG	MSP	YNG	YNG	YNG
FL8Y J1950.8+1211 	MSP	MSP	MSP	MSP	MSP	YNG	MSP	YNG	MSP	MSP	YNG	MSP
FL8Y J1950.9+2521 	YNG	MSP	YNG	YNG	YNG	YNG	YNG	YNG	MSP	YNG	YNG	YNG
FL8Y J1951.6+2926 	YNG	YNG	YNG	YNG	YNG	YNG	YNG	YNG	YNG	YNG	YNG	YNG
FL8Y J1954.6+2417 	YNG	MSP	YNG	YNG	YNG	YNG	MSP	YNG	MSP	YNG	YNG	YNG
FL8Y J2011.8+2758 	MSP	MSP	MSP	MSP	MSP	MSP	YNG	YNG	MSP	YNG	YNG	MSP
FL8Y J2021.4+3732 	YNG	YNG	YNG	YNG	YNG	YNG	YNG	YNG	YNG	YNG	YNG	YNG
FL8Y J2022.4+3840 	YNG	YNG	YNG	YNG	YNG	YNG	YNG	YNG	YNG	YNG	YNG	YNG
FL8Y J2026.7+3951 	YNG	YNG	YNG	YNG	YNG	YNG	YNG	YNG	YNG	YNG	YNG	YNG
FL8Y J2027.1+2811 	MSP	MSP	MSP	MSP	MSP	YNG	YNG	MSP	MSP	YNG	YNG	MSP
FL8Y J2028.7+4035 	YNG	YNG	YNG	YNG	YNG	YNG	YNG	YNG	YNG	YNG	YNG	YNG
FL8Y J2031.3+3900 	YNG	YNG	YNG	YNG	YNG	YNG	YNG	YNG	YNG	YNG	YNG	YNG
FL8Y J2032.2+4050 	YNG	YNG	YNG	YNG	YNG	YNG	YNG	YNG	YNG	YNG	YNG	YNG
FL8Y J2032.6+4006 	YNG	YNG	YNG	YNG	YNG	YNG	YNG	YNG	YNG	YNG	YNG	YNG
FL8Y J2032.8+4344 	YNG	MSP	MSP	YNG	MSP	YNG	YNG	YNG	YNG	YNG	YNG	YNG
FL8Y J2033.1+3937 	YNG	YNG	YNG	YNG	YNG	YNG	YNG	YNG	MSP	YNG	YNG	YNG
FL8Y J2034.2+3840 	YNG	YNG	YNG	YNG	YNG	YNG	YNG	YNG	YNG	YNG	YNG	YNG
FL8Y J2035.0+3632 	YNG	MSP	YNG	YNG	MSP	MSP	YNG	MSP	MSP	YNG	YNG	YNG
FL8Y J2035.9+4237 	YNG	YNG	YNG	YNG	YNG	YNG	YNG	YNG	YNG	YNG	YNG	YNG
FL8Y J2036.1+4207 	YNG	YNG	MSP	YNG	YNG	YNG	YNG	YNG	YNG	YNG	YNG	YNG
FL8Y J2036.6+4329 	YNG	MSP	MSP	YNG	YNG	YNG	YNG	YNG	YNG	YNG	YNG	YNG
FL8Y J2037.0+4135 	YNG	YNG	YNG	YNG	YNG	YNG	YNG	YNG	YNG	YNG	YNG	YNG
FL8Y J2037.1+3958 	YNG	YNG	YNG	YNG	YNG	YNG	YNG	YNG	MSP	YNG	YNG	YNG
FL8Y J2038.6+4229 	YNG	YNG	YNG	YNG	YNG	YNG	YNG	YNG	YNG	YNG	YNG	YNG
FL8Y J2039.5-5616 	MSP	MSP	MSP	MSP	MSP	MSP	MSP	MSP	MSP	MSP	MSP	MSP
FL8Y J2039.7+4053 	YNG	YNG	YNG	YNG	YNG	YNG	YNG	YNG	YNG	YNG	YNG	YNG
FL8Y J2041.1+4736 	YNG	MSP	YNG	YNG	YNG	YNG	YNG	MSP	MSP	YNG	YNG	YNG
FL8Y J2041.2+4146 	YNG	YNG	MSP	YNG	YNG	YNG	YNG	YNG	YNG	YNG	YNG	YNG
FL8Y J2042.3+4215 	YNG	MSP	YNG	YNG	YNG	MSP	YNG	YNG	YNG	YNG	YNG	YNG
FL8Y J2043.8-4802 	MSP	MSP	MSP	MSP	MSP	MSP	MSP	MSP	MSP	MSP	MSP	MSP
FL8Y J2045.8-6835 	MSP	MSP	MSP	YNG	MSP	MSP	MSP	MSP	MSP	MSP	YNG	MSP
FL8Y J2047.0+4418 	YNG	YNG	YNG	YNG	YNG	YNG	YNG	YNG	YNG	YNG	YNG	YNG
FL8Y J2051.1+4450 	YNG	YNG	YNG	YNG	YNG	YNG	YNG	YNG	YNG	YNG	YNG	YNG
FL8Y J2051.7+5050 	MSP	MSP	MSP	MSP	MSP	YNG	YNG	YNG	YNG	YNG	YNG	MSP
FL8Y J2056.5+4342 	YNG	YNG	YNG	YNG	YNG	YNG	YNG	YNG	YNG	YNG	YNG	YNG
FL8Y J2103.7-1112 	MSP	MSP	MSP	MSP	MSP	MSP	MSP	MSP	MSP	MSP	MSP	MSP
FL8Y J2109.1+5242 	MSP	YNG	MSP	MSP	MSP	YNG	YNG	YNG	YNG	YNG	YNG	MSP
FL8Y J2112.5-3043 	MSP	MSP	MSP	MSP	MSP	MSP	MSP	MSP	MSP	MSP	MSP	MSP
FL8Y J2114.3+5023 	YNG	MSP	MSP	YNG	YNG	YNG	YNG	YNG	MSP	YNG	YNG	YNG
FL8Y J2116.2+3702 	MSP	MSP	MSP	MSP	MSP	MSP	MSP	MSP	MSP	YNG	YNG	MSP
FL8Y J2118.1+5210 	MSP	YNG	MSP	YNG	YNG	YNG	YNG	YNG	MSP	YNG	YNG	YNG
FL8Y J2130.8-6623 	MSP	MSP	MSP	MSP	MSP	MSP	MSP	MSP	MSP	MSP	MSP	MSP
FL8Y J2133.2-6432 	MSP	MSP	MSP	MSP	MSP	MSP	MSP	MSP	MSP	MSP	MSP	MSP
FL8Y J2205.4+6458 	MSP	MSP	MSP	MSP	MSP	YNG	MSP	MSP	YNG	YNG	YNG	MSP
FL8Y J2211.0+5930 	MSP	MSP	MSP	MSP	MSP	YNG	YNG	MSP	MSP	YNG	YNG	MSP
FL8Y J2212.4+0707 	MSP	MSP	MSP	MSP	MSP	MSP	MSP	MSP	MSP	MSP	MSP	MSP
FL8Y J2219.7-6837 	MSP	MSP	MSP	MSP	MSP	MSP	MSP	MSP	MSP	MSP	MSP	MSP
FL8Y J2220.6+6319 	MSP	YNG	MSP	MSP	MSP	MSP	YNG	MSP	YNG	YNG	YNG	MSP
FL8Y J2233.5+6531 	MSP	MSP	MSP	MSP	MSP	YNG	MSP	MSP	MSP	YNG	YNG	MSP
FL8Y J2250.5+3307 	MSP	MSP	MSP	MSP	MSP	MSP	MSP	MSP	MSP	MSP	MSP	MSP
FL8Y J2256.6+6205 	MSP	MSP	YNG	YNG	MSP	YNG	YNG	YNG	YNG	YNG	YNG	YNG
FL8Y J2333.1-5528 	MSP	MSP	MSP	MSP	MSP	MSP	MSP	MSP	MSP	MSP	MSP	MSP
FL8Y J2355.7+6734 	MSP	MSP	MSP	MSP	MSP	YNG	YNG	MSP	YNG	YNG	YNG	MSP
